package,name,composable,skippable,restartable,readonly,inline,isLambda,hasDefaults,defaultsGroup,groups,calls,
com.stripe.android.paymentsheet.example.MainScreen,MainScreen,1,1,1,0,0,0,0,0,1,1,
com.stripe.android.paymentsheet.example.MenuItemRow,MenuItemRow,1,1,1,0,0,0,0,0,1,2,
com.stripe.android.paymentsheet.example.playground.CustomEndpointDialog,CustomEndpointDialog,1,1,1,0,0,0,0,0,1,4,
com.stripe.android.paymentsheet.example.playground.ValidatedTextField,ValidatedTextField,1,1,1,0,0,0,0,0,1,1,
com.stripe.android.paymentsheet.example.playground.paymentMethodPainter,paymentMethodPainter,1,0,0,0,0,0,0,0,1,1,
com.stripe.android.paymentsheet.example.playground.paymentMethodPainter,paymentMethodPainter,1,0,0,0,0,0,0,0,1,1,
com.stripe.android.paymentsheet.example.playground.PaymentSheetPlaygroundActivity.AppearanceButton,AppearanceButton,1,1,1,0,0,0,0,0,2,3,
com.stripe.android.paymentsheet.example.playground.PaymentSheetPlaygroundActivity.QrCodeButton,QrCodeButton,1,1,1,0,0,0,0,0,1,2,
com.stripe.android.paymentsheet.example.playground.PaymentSheetPlaygroundActivity.ClearLinkDataButton,ClearLinkDataButton,1,1,1,0,0,0,0,0,1,2,
com.stripe.android.paymentsheet.example.playground.PaymentSheetPlaygroundActivity.ReloadButton,ReloadButton,1,1,1,0,0,0,0,0,1,1,
com.stripe.android.paymentsheet.example.playground.PaymentSheetPlaygroundActivity.PlaygroundStateUi,PlaygroundStateUi,1,1,1,0,0,0,0,0,9,5,
com.stripe.android.paymentsheet.example.playground.PaymentSheetPlaygroundActivity.PaymentSheetUi,PaymentSheetUi,1,1,1,0,0,0,0,0,1,1,
com.stripe.android.paymentsheet.example.playground.PaymentSheetPlaygroundActivity.FlowControllerUi,FlowControllerUi,1,1,1,0,0,0,0,0,1,7,
com.stripe.android.paymentsheet.example.playground.PaymentSheetPlaygroundActivity.EmbeddedUi,EmbeddedUi,1,1,1,0,0,0,0,0,1,1,
com.stripe.android.paymentsheet.example.playground.PaymentSheetPlaygroundActivity.CustomerSheetUi,CustomerSheetUi,1,1,1,0,0,0,0,0,1,2,
com.stripe.android.paymentsheet.example.playground.PaymentSheetPlaygroundActivity.ShippingAddressButton,ShippingAddressButton,1,1,1,0,0,0,0,0,1,2,
com.stripe.android.paymentsheet.example.playground.PlaygroundTheme,PlaygroundTheme,1,1,1,0,0,0,0,0,1,5,
com.stripe.android.paymentsheet.example.playground.activity.AppearancePicker,AppearancePicker,1,1,1,0,0,0,0,0,1,5,
com.stripe.android.paymentsheet.example.playground.activity.CustomizationCard,CustomizationCard,1,1,1,0,0,0,0,0,1,1,
com.stripe.android.paymentsheet.example.playground.activity.Colors,Colors,1,1,1,0,0,0,0,0,1,21,
com.stripe.android.paymentsheet.example.playground.activity.Shapes,Shapes,1,1,1,0,0,0,0,0,1,3,
com.stripe.android.paymentsheet.example.playground.activity.Typography,Typography,1,1,1,0,0,0,0,0,1,3,
com.stripe.android.paymentsheet.example.playground.activity.PrimaryButton,PrimaryButton,1,1,1,0,0,0,0,0,1,17,
com.stripe.android.paymentsheet.example.playground.activity.EmbeddedPicker,EmbeddedPicker,1,1,1,0,0,0,0,0,1,27,
com.stripe.android.paymentsheet.example.playground.activity.ColorItem,ColorItem,1,1,1,0,0,0,0,0,1,2,
com.stripe.android.paymentsheet.example.playground.activity.ColorPicker,ColorPicker,1,1,1,0,0,0,0,0,1,3,
com.stripe.android.paymentsheet.example.playground.activity.ColorIcon,ColorIcon,1,1,1,0,0,0,0,0,1,1,
com.stripe.android.paymentsheet.example.playground.activity.IncrementDecrementItem,IncrementDecrementItem,1,1,1,0,0,0,0,0,1,1,
com.stripe.android.paymentsheet.example.playground.activity.AppearanceToggle,AppearanceToggle,1,1,1,0,0,0,0,0,1,1,
com.stripe.android.paymentsheet.example.playground.activity.FontScaleSlider,FontScaleSlider,1,1,1,0,0,0,0,0,1,2,
com.stripe.android.paymentsheet.example.playground.activity.RowStyleDropDown,RowStyleDropDown,1,1,1,0,0,0,0,0,1,1,
com.stripe.android.paymentsheet.example.playground.activity.FontDropDown,FontDropDown,1,1,1,0,0,0,0,0,1,0,
com.stripe.android.paymentsheet.example.playground.activity.FontDropDownMenuItem,FontDropDownMenuItem,1,1,1,0,0,0,0,0,1,2,
com.stripe.android.paymentsheet.example.playground.activity.FawryActivity.ResultButton,ResultButton,1,1,1,0,0,0,0,0,1,2,
com.stripe.android.paymentsheet.example.playground.activity.FawryActivity.BillingDetails,BillingDetails,1,1,1,0,0,0,0,0,1,1,
com.stripe.android.paymentsheet.example.playground.embedded.EmbeddedPlaygroundActivity.ModeUi,ModeUi,1,1,1,0,0,0,0,0,1,3,
com.stripe.android.paymentsheet.example.playground.embedded.EmbeddedPlaygroundActivity.EmbeddedContentWithSelectedPaymentOption,EmbeddedContentWithSelectedPaymentOption,1,1,1,0,0,0,0,0,2,5,
com.stripe.android.paymentsheet.example.playground.embedded.EmbeddedPlaygroundActivity.LoadingState.Loading.Content,Content,1,0,0,0,0,0,0,0,1,1,
com.stripe.android.paymentsheet.example.playground.embedded.EmbeddedPlaygroundActivity.LoadingState.Complete.Content,Content,1,0,0,0,0,0,0,0,1,1,
com.stripe.android.paymentsheet.example.playground.embedded.EmbeddedPlaygroundActivity.LoadingState.Failed.Content,Content,1,0,0,0,0,0,0,0,1,1,
com.stripe.android.paymentsheet.example.playground.settings.SettingsUi,SettingsUi,1,1,1,0,0,0,0,0,1,3,
com.stripe.android.paymentsheet.example.playground.settings.Setting,Setting,1,1,1,0,0,0,0,0,1,2,
com.stripe.android.paymentsheet.example.playground.settings.Setting,Setting,1,1,1,0,0,0,0,0,4,4,
com.stripe.android.paymentsheet.example.playground.settings.IntegrationTypeConfigurableSetting,IntegrationTypeConfigurableSetting,1,1,1,0,0,0,0,0,1,1,
com.stripe.android.paymentsheet.example.playground.settings.TextSetting,TextSetting,1,1,1,0,0,0,0,0,1,3,
com.stripe.android.paymentsheet.example.playground.settings.RadioButtonSetting,RadioButtonSetting,1,1,1,0,0,0,0,0,1,1,
com.stripe.android.paymentsheet.example.playground.settings.DropdownSetting,DropdownSetting,1,1,1,0,0,0,0,0,1,2,
com.stripe.android.paymentsheet.example.samples.ui.addresselement.Address,Address,1,1,1,0,0,0,0,0,1,1,
com.stripe.android.paymentsheet.example.samples.ui.customersheet.CustomerPaymentMethods,CustomerPaymentMethods,1,1,1,0,0,0,0,0,1,1,
com.stripe.android.paymentsheet.example.samples.ui.paymentsheet.custom_flow.determinePaymentMethodLabel,determinePaymentMethodLabel,1,0,0,0,0,0,0,0,1,1,
com.stripe.android.paymentsheet.example.samples.ui.paymentsheet.server_side_confirm.custom_flow.ServerSideConfirmationCustomFlowActivity.AttachFlowControllerToViewModel,AttachFlowControllerToViewModel,1,1,1,0,0,0,0,0,1,1,
com.stripe.android.paymentsheet.example.samples.ui.paymentsheet.server_side_confirm.custom_flow.determinePaymentMethodLabel,determinePaymentMethodLabel,1,0,0,0,0,0,0,0,1,1,
com.stripe.android.paymentsheet.example.samples.ui.shared.CompletedPaymentAlertDialog,CompletedPaymentAlertDialog,1,1,1,0,0,0,0,0,1,3,
com.stripe.android.paymentsheet.example.samples.ui.shared.ErrorScreen,ErrorScreen,1,1,1,0,0,0,0,0,1,1,
com.stripe.android.paymentsheet.example.samples.ui.shared.MultiToggleButton,MultiToggleButton,1,1,1,0,0,0,0,0,1,2,
com.stripe.android.paymentsheet.example.samples.ui.shared.PaymentMethodSelector,PaymentMethodSelector,1,1,1,0,0,0,1,0,2,1,
com.stripe.android.paymentsheet.example.samples.ui.shared.BuyButton,BuyButton,1,1,1,0,0,0,0,0,1,4,
com.stripe.android.paymentsheet.example.samples.ui.shared.PaymentSheetExampleTheme,PaymentSheetExampleTheme,1,1,1,0,0,0,0,0,1,2,
com.stripe.android.paymentsheet.example.samples.ui.shared.Receipt,Receipt,1,1,1,0,0,0,0,0,1,4,
com.stripe.android.paymentsheet.example.samples.ui.shared.ProductRow,ProductRow,1,1,1,0,0,0,0,0,1,1,
com.stripe.android.paymentsheet.example.samples.ui.shared.ReceiptRow,ReceiptRow,1,1,1,0,0,0,0,0,1,1,
com.stripe.android.paymentsheet.example.samples.ui.shared.Receipt_Editable,Receipt_Editable,1,1,1,0,0,0,0,0,1,1,
com.stripe.android.paymentsheet.example.samples.ui.shared.Receipt_NotEditable,Receipt_NotEditable,1,1,1,0,0,0,0,0,1,1,
com.stripe.android.paymentsheet.example.samples.ui.shared.SubscriptionToggle,SubscriptionToggle,1,1,1,0,0,0,0,0,1,1,
